,날짜,feat_a,feat_b,feat_c,feat_d,feat_e,feat_f,매출
0,2021. 11. 30,30480660,100048,3275,319,3995,4667050,27293784
1,2021. 11. 29,29593770,95950,6697,308,3834,4530980,25066031
2,2021. 11. 28,19918007,86572,7129,304,3667,3584937,22762015
3,2021. 11. 27,20090058,85331,1825,312,3452,3896014,22723865
4,2021. 11. 26,28273300,94126,6574,327,3898,7075691,23686756
5,2021. 11. 25,29214392,95931,9885,314,4064,6554379,23537497
6,2021. 11. 24,29246993,97020,1431,310,4107,5361970,24706563
7,2021. 11. 23,29679512,98338,6964,310,4108,5376020,25061148
8,2021. 11. 22,29405727,98275,4494,300,4035,5596641,23884446
9,2021. 11. 21,19824043,90855,5349,296,3660,4513387,22350247
10,2021. 11. 20,19540473,85607,6678,312,3340,4737742,21934422
11,2021. 11. 19,28205760,97921,5110,303,3701,5003001,24658924
12,2021. 11. 18,29364886,97748,3136,297,4057,4671073,24364388
13,2021. 11. 17,30381899,101706,3408,282,3978,4837917,23825260
14,2021. 11. 16,31315003,104520,9792,271,4101,4866384,23411220
15,2021. 11. 15,31319107,104742,2684,258,4005,3387842,23652040
16,2021. 11. 14,21086887,96158,1968,261,3830,2742601,22319537
17,2021. 11. 13,20633119,91390,2857,277,3662,2523525,22771266
18,2021. 11. 12,28567967,98996,4866,280,3993,3373376,24385917
19,2021. 11. 11,29673782,99591,3941,284,6401,3851229,24420433
20,2021. 11. 10,29218134,101985,1078,275,4650,4322745,23695086
21,2021. 11. 9,28000333,103518,431,275,4765,5292461,23182210
22,2021. 11. 8,29349546,108456,6799,254,4724,4432587,23108742
23,2021. 11. 7,21512489,95455,3465,250,4344,4288829,19621762
24,2021. 11. 6,20992670,92440,6641,262,3978,4774256,19440872
25,2021. 11. 5,29396091,105516,9849,252,4163,5717050,20872837
26,2021. 11. 4,29896719,102764,1563,273,4603,5078181,22940904
27,2021. 11. 3,29998397,101548,285,276,4234,4201279,23781526
28,2021. 11. 2,30020717,101840,3316,268,4192,3178521,24122071
29,2021. 11. 1,29613105,103756,9515,261,4948,3069222,23970081
30,2021. 10. 31,20255262,92829,6595,251,3272,2895651,20418741
31,2021. 10. 30,19507473,88545,1079,266,2999,3450068,20093796
32,2021. 10. 29,28055109,99602,2669,277,3295,4979577,22574641
33,2021. 10. 28,28951916,101325,1867,274,3589,5594280,22177398
34,2021. 10. 27,29144289,102894,2631,274,3831,5529756,22689848
35,2021. 10. 26,28623569,102099,1851,265,3901,4177978,22875631
36,2021. 10. 25,28417407,103036,3379,256,3978,3435013,22917464
37,2021. 10. 24,20322098,96885,9180,250,3915,3482335,20702792
38,2021. 10. 23,19788990,93876,7535,254,3562,4058742,19772349
39,2021. 10. 22,27875135,102253,9272,262,3745,4120205,22682235
40,2021. 10. 21,28992355,103868,4830,254,3978,3682392,22722286
41,2021. 10. 20,28801529,100928,2375,258,4002,4920718,21166794
42,2021. 10. 19,29309438,105057,9924,242,3970,4507598,20896175
43,2021. 10. 18,29196168,103666,8859,238,3954,4056064,20643874
44,2021. 10. 17,19624625,95224,5905,225,3834,2793692,18636778
45,2021. 10. 16,19534641,94226,3579,222,3635,3041637,17922352
46,2021. 10. 15,27250775,102862,1688,238,3779,3589725,20850687
47,2021. 10. 14,28274283,101661,3172,246,3839,4173488,20794976
48,2021. 10. 13,28285459,102295,6423,237,3865,3936950,20327524
49,2021. 10. 12,28876013,105710,7477,217,4099,3263206,19708375
50,2021. 10. 11,21718379,101606,4241,212,5094,3310609,18251487
51,2021. 10. 10,19070266,97499,3066,212,3905,3654518,17056722
52,2021. 10. 9,18844222,96310,5896,215,3738,3849404,16816519
53,2021. 10. 8,27396662,103052,4165,236,3849,3927966,20385394
54,2021. 10. 7,27615956,100866,9993,230,3960,4342903,18833539
55,2021. 10. 6,27662865,101067,1510,229,4061,3369730,19761187
56,2021. 10. 5,28148112,104246,3225,217,4013,3055269,19538688
57,2021. 10. 4,21109275,100014,3621,215,4152,2619116,18891497
58,2021. 10. 3,18386135,92357,9569,209,3753,2744149,16591668
59,2021. 10. 2,18375653,90526,4046,215,3724,3134025,16326282
60,2021. 10. 1,27106629,101336,9106,230,4209,3532800,19811381
61,2021. 9. 30,29321751,100146,1366,256,3874,4305611,21348569
62,2021. 9. 29,28915360,101761,8015,257,4096,4300095,21900266
63,2021. 9. 28,28838098,102958,3500,238,4104,3593021,20916417
64,2021. 9. 27,28974832,102650,2361,229,3978,3719695,19753077
65,2021. 9. 26,19713796,95184,5555,219,4034,3183328,17707472
66,2021. 9. 25,20087146,93959,6258,224,3885,3508916,17502645
67,2021. 9. 24,27149433,99775,5562,241,4022,4981552,19101953
68,2021. 9. 23,28846953,104152,793,228,4068,3619137,20082269
69,2021. 9. 22,19579510,94759,1781,219,3801,2792957,17971968
70,2021. 9. 21,17752415,89397,4341,220,3068,2751369,16871866
71,2021. 9. 20,17600267,87332,2100,225,3004,3154930,16489842
72,2021. 9. 19,18253710,91541,2526,226,3262,3723321,17004990
73,2021. 9. 18,19439285,94019,1357,232,3588,4331032,17437291
74,2021. 9. 17,27143685,105440,3415,251,3838,5586893,20842770
75,2021. 9. 16,28906287,106427,8521,254,4060,4295010,22767171
76,2021. 9. 15,29593602,106188,2328,257,4289,4337082,22937133
77,2021. 9. 14,30097795,109155,656,251,4737,4276406,23091034
78,2021. 9. 13,30515842,109509,3449,244,4732,3206999,23556598
79,2021. 9. 12,21103172,100393,5431,234,4964,3010133,20530625
80,2021. 9. 11,20950399,98284,168,236,5506,3127011,20082430
81,2021. 9. 10,28986427,109355,9241,244,4844,3104978,23571203
82,2021. 9. 9,29992155,110011,395,241,4866,2948510,23566554
83,2021. 9. 8,30386553,108397,3244,238,4912,2683018,23099216
84,2021. 9. 7,24108084,114961,4873,238,5203,3292435,24093062
85,2021. 9. 6,30507189,113238,5357,231,4914,4274624,21876967
86,2021. 9. 5,20446204,101702,7937,224,5210,4165064,18638365
87,2021. 9. 4,20276313,100150,5912,223,4964,4107113,18246181
88,2021. 9. 3,28882054,113656,3995,231,5104,5933382,20342171
89,2021. 9. 2,30678712,116622,953,231,5187,5472459,21475165
90,2021. 9. 1,30125761,115029,7905,221,5439,3607126,21853264
91,2021. 8. 31,30643596,112525,2472,233,5106,4811869,21370391
92,2021. 8. 30,30146156,111402,311,229,4905,4056816,21500298
93,2021. 8. 29,20761126,100638,2126,224,5374,4348227,18241348
94,2021. 8. 28,21015308,97624,3371,231,4947,4975476,17546323
95,2021. 8. 27,29373200,111348,4465,229,5615,5812346,19635171
96,2021. 8. 26,29862112,108836,6571,224,5312,5189622,19217638
97,2021. 8. 25,30450734,112531,5170,219,5623,4462724,20187993
98,2021. 8. 24,30781238,117379,7755,209,5828,3947237,20530841
99,2021. 8. 23,31322284,119600,6202,210,5527,3834013,21310862
100,2021. 8. 22,21602044,102670,503,216,5487,4085011,18066654
101,2021. 8. 21,22771149,108366,905,209,5497,4442075,18196463
102,2021. 8. 20,29939889,114089,4681,218,5307,4390401,20536386
103,2021. 8. 19,30782393,115326,3319,216,5108,4279696,20678932
104,2021. 8. 18,31173223,117691,3201,209,5071,4316373,20312035
105,2021. 8. 17,31120583,117875,1410,205,5008,4618532,19506439
106,2021. 8. 16,24243240,116852,9321,184,5360,3244767,18225320
107,2021. 8. 15,20987221,106256,6272,189,5222,2896167,17187931
108,2021. 8. 14,21655652,109769,9459,185,5130,3579468,16715156
109,2021. 8. 13,29566186,120794,6933,202,5344,5075915,19321003
110,2021. 8. 12,30479271,122833,7301,203,5153,2802136,22078890
111,2021. 8. 11,30187024,120611,3405,204,5193,3217886,21327775
112,2021. 8. 10,31128500,122262,9831,198,5181,3736645,20424516
113,2021. 8. 9,31654947,124443,8551,193,5110,2778913,21259376
114,2021. 8. 8,22463328,113406,9805,179,5239,1971251,18333458
115,2021. 8. 7,22458429,111366,8202,178,5062,2656687,17175075
116,2021. 8. 6,30084440,125379,9214,189,5430,3534817,20194950
117,2021. 8. 5,30083733,125793,8314,188,5190,3210273,20412442
118,2021. 8. 4,30079775,125503,4881,197,5163,3074146,21677903
119,2021. 8. 3,28761282,124998,1852,197,5239,3435429,21229255
120,2021. 8. 2,29081112,126790,9915,185,5318,3484504,20019970
121,2021. 8. 1,22060274,121593,9476,172,5653,3352984,17505076
122,2021. 7. 31,22592501,122437,1196,183,6026,4126376,18246169
123,2021. 7. 30,30072641,129769,1199,211,5723,5147810,22275835
124,2021. 7. 29,31250253,132367,3508,206,5769,5845321,21442499
125,2021. 7. 28,33737131,136153,7872,197,5424,5110114,21707215
126,2021. 7. 27,33560670,135603,4766,200,5563,4943775,22225957
127,2021. 7. 26,34603895,134420,111,206,5327,4164506,23481652
128,2021. 7. 25,25663636,125217,278,189,5707,4463993,19263617
129,2021. 7. 24,25334615,121730,9117,188,5696,3719006,19124922
130,2021. 7. 23,33226140,130362,5572,211,5486,4292085,23242179
131,2021. 7. 22,34723456,135660,3582,209,5441,3715711,24684436
132,2021. 7. 21,35529843,138992,4067,213,5792,4144840,25461393
133,2021. 7. 20,35354294,137199,8785,213,5763,4928658,24249509
134,2021. 7. 19,36237513,146286,9435,187,5562,3648146,23667594
135,2021. 7. 18,26220309,134259,7586,182,6121,3225001,21216535
136,2021. 7. 17,25614758,129449,8882,183,5652,3623673,20026121
137,2021. 7. 16,34452154,142758,8630,197,5816,5096516,22994908
138,2021. 7. 15,35542916,144186,7082,193,5736,4710390,23109789
139,2021. 7. 14,35327335,144234,8058,193,5717,5017226,22832606
140,2021. 7. 13,35230618,143846,2055,193,6161,4510936,23292449
141,2021. 7. 12,35408078,142699,2835,198,5517,7075719,21227242
142,2021. 7. 11,24893212,131268,2988,189,6202,5472150,19342051
143,2021. 7. 10,24283590,125596,3054,190,5502,4900421,18903592
144,2021. 7. 9,33791701,136572,6075,203,5607,4818017,22842891
145,2021. 7. 8,32745243,132457,7613,209,5596,4274557,23417249
146,2021. 7. 7,32956467,136232,585,202,5841,4379115,23097496
147,2021. 7. 6,32748838,131405,5907,197,5668,3891846,21979492
148,2021. 7. 5,33396991,132900,9754,190,5652,4761509,20467446
149,2021. 7. 4,24008470,125440,7209,181,6386,3643577,19121330
150,2021. 7. 3,23772024,124136,919,175,5980,4105771,17586060
151,2021. 7. 2,31638852,127466,6821,194,5644,5016123,19731841
152,2021. 7. 1,34133363,129453,7603,200,5951,5291048,20579949
153,2021. 6. 30,35311840,128570,790,238,5468,5347426,25236068
154,2021. 6. 29,35240515,128624,6676,234,5564,6107220,23976871
155,2021. 6. 28,35330713,131656,154,212,6340,3800551,24148282
156,2021. 6. 27,24519886,122832,1305,205,5992,3308149,21812555
157,2021. 6. 26,23667984,117905,1340,208,5728,3969459,20560248
158,2021. 6. 25,31955294,124206,4357,225,5631,5414762,22517172
159,2021. 6. 24,33048961,128951,4403,223,5592,6248930,22543360
160,2021. 6. 23,36472571,136170,7877,214,5848,5986684,23152195
161,2021. 6. 22,37142279,136821,2562,209,5748,4310806,24333922
162,2021. 6. 21,36639190,136644,5820,205,5534,3775521,24267485
163,2021. 6. 20,23787997,119831,1815,208,6465,3298196,21584780
164,2021. 6. 19,23226547,117540,5240,210,5640,3275747,21423337
165,2021. 6. 18,31825251,124931,5006,233,5600,5008961,24044744
166,2021. 6. 17,32588741,124568,6814,230,5751,5710659,22918721
167,2021. 6. 16,32975458,128892,4150,223,6132,4515270,24269771
168,2021. 6. 15,32472930,125596,5924,224,6202,3042515,25086166
169,2021. 6. 14,33963032,126784,2498,226,6087,3600745,25047961
170,2021. 6. 13,24960728,123251,1501,199,6352,3999202,20562069
171,2021. 6. 12,24024240,119332,8851,204,6092,3997849,20383117
172,2021. 6. 11,32931834,127930,8417,225,5958,5331284,23481342
173,2021. 6. 10,33986173,128756,9228,235,6075,6964910,23346691
174,2021. 6. 9,34087148,129554,9034,231,6075,6930830,22983793
175,2021. 6. 8,33886772,127779,6365,234,6102,6894649,23016137
176,2021. 6. 7,33140502,121718,8933,241,5832,5905218,23437865
177,2021. 6. 6,22438475,113463,7156,221,6897,4196263,20888574
178,2021. 6. 5,22258017,110388,4851,227,5853,4415995,20610969
179,2021. 6. 4,30951216,118674,5667,241,5779,4923532,23618850
180,2021. 6. 3,32687312,122961,8303,245,6383,4348080,25746882
181,2021. 6. 2,31902567,116029,1576,249,6138,4297226,24537956
182,2021. 6. 1,32553392,116729,2717,236,6431,5725799,21813146
183,2021. 5. 31,33465290,114003,1731,299,5322,9377688,24707609
184,2021. 5. 30,23487245,107471,3182,260,5647,8107472,19831718
185,2021. 5. 29,22729604,107009,9780,257,5702,4845048,22610750
186,2021. 5. 28,31571908,117365,6684,261,5842,6224531,24421612
187,2021. 5. 27,32532988,117884,968,260,5579,6050548,24625828
188,2021. 5. 26,31968579,113136,1854,262,5389,6206288,23452814
189,2021. 5. 25,31686885,111458,1586,252,5607,5393487,22653629
190,2021. 5. 24,31739764,110318,8863,245,5289,4444092,22604698
191,2021. 5. 23,23264588,110364,962,228,5668,4266269,20873283
192,2021. 5. 22,21781752,103279,4814,237,5380,4816436,19669241
193,2021. 5. 21,29873160,108528,5041,254,5706,5138008,22439610
194,2021. 5. 20,32871456,118843,7555,246,6058,5042027,24161786
195,2021. 5. 19,24629700,114410,8741,230,5741,5271664,21094764
196,2021. 5. 18,31528113,114900,9416,246,5972,4989544,23247741
197,2021. 5. 17,34002539,123895,3390,234,6064,4945272,24084770
198,2021. 5. 16,24272676,123388,6260,210,6875,5226462,20694738
199,2021. 5. 15,23503026,116369,1365,219,6394,5289333,20227290
200,2021. 5. 14,31801882,119914,5889,240,6038,5778892,22977521
201,2021. 5. 13,33106760,119659,4087,241,5888,5835256,23041790
202,2021. 5. 12,32302356,115659,9827,241,5951,5139421,22716036
203,2021. 5. 11,32070989,116910,6816,227,5980,4407735,22145478
204,2021. 5. 10,32952532,120784,760,219,5928,4718178,21695124
205,2021. 5. 9,23236102,111040,4371,212,5889,4999511,18485656
206,2021. 5. 8,23071767,111814,6091,209,5766,4881638,18534336
207,2021. 5. 7,31411679,119875,9236,221,5867,5016270,21437141
208,2021. 5. 6,32636621,118960,7642,235,5407,4986047,22992256
209,2021. 5. 5,23818328,114909,1364,232,6037,4215015,22390590
210,2021. 5. 4,32811386,119691,3339,243,5801,4416523,24651468
211,2021. 5. 3,32456466,110790,999,243,5142,4485995,22382374
212,2021. 5. 2,23221196,107821,4224,232,5729,4291638,20676318
213,2021. 5. 1,22662649,110761,6757,228,6124,4653863,20560643
214,2021. 4. 30,31691704,111805,2607,274,5290,7462737,23194468
215,2021. 4. 29,32414251,112507,2410,267,5292,6873471,23193747
216,2021. 4. 28,32087345,112834,796,262,5248,6201409,23410693
217,2021. 4. 27,31866992,112456,8425,265,7082,6786465,22989179
218,2021. 4. 26,32046589,113986,4205,252,6654,6302904,22472904
219,2021. 4. 25,22022349,108234,1581,241,7278,5442217,20623248
220,2021. 4. 24,22122617,107060,2592,239,6751,5467483,20084358
221,2021. 4. 23,30703035,113068,137,250,6210,6564387,21702390
222,2021. 4. 22,31484802,112544,1504,255,5515,6233016,22447609
223,2021. 4. 21,31985483,112277,9570,252,5459,4590611,23741835
224,2021. 4. 20,32301656,110943,2654,247,5283,5249283,22141526
225,2021. 4. 19,32795321,113424,695,240,5102,5418679,21750211
226,2021. 4. 18,23328381,108217,8418,222,5670,5220927,18842362
227,2021. 4. 17,23363865,108556,5649,227,5566,4981352,19631178
228,2021. 4. 16,31579385,113333,428,246,5507,5559044,22374300
229,2021. 4. 15,32449203,114325,5556,236,5369,5576011,21384523
230,2021. 4. 14,32873084,117474,8917,222,5456,5586340,20482154
231,2021. 4. 13,32572563,114529,9424,215,4630,5826471,18764000
232,2021. 4. 12,33745397,120189,2007,211,4836,5213363,20153547
233,2021. 4. 11,23360303,108848,9535,195,4878,4247145,16977771
234,2021. 4. 10,22890777,106904,1376,198,4585,4377633,16838868
235,2021. 4. 9,31617854,118553,3871,207,4580,5067540,19460731
236,2021. 4. 8,33524082,123343,9868,214,4579,4636107,21760766
237,2021. 4. 7,33188031,123577,8126,197,4664,5173324,19191803
238,2021. 4. 6,32656309,117457,808,209,4596,4437315,20117694
239,2021. 4. 5,32900904,117025,9193,213,4300,3628695,21315059
240,2021. 4. 4,23948570,115534,5600,189,4787,3860800,17948461
241,2021. 4. 3,24126380,117703,8217,192,4743,4051157,18528351
242,2021. 4. 2,31226232,117529,6627,222,4358,4849484,21282486
243,2021. 4. 1,32511157,113752,2972,242,4478,5167075,22354739
244,2021. 3. 31,32599899,110379,3645,263,4231,4484655,24548486
245,2021. 3. 30,32398578,112925,8470,252,4330,4309204,24131962
246,2021. 3. 29,33131314,116014,1075,250,4416,4256052,24789357
247,2021. 3. 28,22711300,107533,3277,238,4572,3874234,21748861
248,2021. 3. 27,22698638,109351,9079,237,4604,4269063,21648853
249,2021. 3. 26,30675988,110192,9138,258,4208,4304032,24148251
250,2021. 3. 25,31987579,111178,3543,262,4059,4534287,24576453
251,2021. 3. 24,32163571,111142,3492,256,4132,4637106,23775577
252,2021. 3. 23,32416011,112260,8516,238,3958,4693972,22016410
253,2021. 3. 22,32782247,114030,6636,231,4121,4158983,22191579
254,2021. 3. 21,23349890,110984,6847,216,4501,3736615,20270526
255,2021. 3. 20,23498457,112495,7526,220,4422,4296897,20424698
256,2021. 3. 19,31457830,116602,2801,248,4202,4658537,24274556
257,2021. 3. 18,32725572,116328,2469,241,4196,4089129,23936282
258,2021. 3. 17,32561098,113745,4959,244,4174,4512904,23199078
259,2021. 3. 16,32911965,114608,3757,236,4385,4144105,22860863
260,2021. 3. 15,33609596,117900,8736,224,4389,4840574,21607820
261,2021. 3. 14,24291121,110878,3971,210,4817,4054603,19202278
262,2021. 3. 13,23281624,108338,2618,212,4603,4469471,18505726
263,2021. 3. 12,32079644,119800,3519,220,4590,5777951,20624443
264,2021. 3. 11,32636093,115433,8341,227,4507,5492769,20652921
265,2021. 3. 10,32146431,114986,2728,224,4578,5648825,20144858
266,2021. 3. 9,32102126,113595,4121,233,4439,5690877,20797779
267,2021. 3. 8,33309642,116822,9240,232,4443,4232031,22812450
268,2021. 3. 7,23680871,107410,5203,214,4761,3352397,19603226
269,2021. 3. 6,24087698,109913,6786,218,4623,4162380,19787699
270,2021. 3. 5,32973338,115623,901,234,4217,4470004,22583507
271,2021. 3. 4,34106270,116479,9313,228,4418,4147807,22429123
272,2021. 3. 3,33812634,112142,3075,240,4203,4673039,22211523
273,2021. 3. 2,33425273,113023,3407,225,4218,3896809,21519278
274,2021. 3. 1,24349555,112706,2844,205,5135,5069161,17993902
275,2021. 2. 28,21446777,98197,4442,242,4148,7265048,16481042
276,2021. 2. 27,21795306,98053,5522,237,4120,6691650,16526319
277,2021. 2. 26,30232055,105288,2266,245,3988,7473112,18294607
278,2021. 2. 25,31292084,107501,8781,242,3967,8491486,17494707
279,2021. 2. 24,31014823,106148,6184,245,3971,8862951,17173282
280,2021. 2. 23,31154435,110292,6616,234,4322,7591027,18234176
281,2021. 2. 22,31786828,110971,1048,234,4213,7806818,18138171
282,2021. 2. 21,22307227,103476,2470,228,4299,6980451,16574741
283,2021. 2. 20,22273241,102066,4287,224,4211,6118879,16769923
284,2021. 2. 19,30433942,111356,2583,232,4199,7151663,18708501
285,2021. 2. 18,31379497,112578,5706,234,4460,6559717,19830339
286,2021. 2. 17,31167211,112322,2697,241,4483,5737721,21290733
287,2021. 2. 16,30851468,108037,560,243,4624,5835480,20390960
288,2021. 2. 15,31584129,110539,7749,242,4715,5168001,21574276
289,2021. 2. 14,23050617,107808,2980,220,4913,5202061,18485664
290,2021. 2. 13,20836372,100439,9549,217,4303,4337149,17505799
291,2021. 2. 12,20747135,102894,3002,209,4141,4773133,16699686
292,2021. 2. 11,21099462,99566,6849,214,4083,4831943,16470127
293,2021. 2. 10,28576957,104450,2308,226,3963,5554529,18056026
294,2021. 2. 9,30627405,108801,3560,231,4179,5190528,19965329
295,2021. 2. 8,31489961,109635,5871,232,4334,4828584,20587876
296,2021. 2. 7,22330539,100865,4295,226,4437,5941429,16821394
297,2021. 2. 6,22381877,101939,1089,225,4308,6320030,16602827
298,2021. 2. 5,29975910,107008,8039,238,4419,6960933,18454421
299,2021. 2. 4,31226431,109336,3654,251,4699,6751310,20745809
300,2021. 2. 3,30861733,107902,8003,242,4809,6879168,19279354
301,2021. 2. 2,31152341,109564,4308,231,4955,6312053,18980294
302,2021. 2. 1,31769146,110348,4649,223,5085,5034343,19555715
303,2021. 1. 31,22358224,104043,3631,235,4570,7722493,16776752
304,2021. 1. 30,21802620,100442,2178,243,4452,8749593,15706551
305,2021. 1. 29,30682637,109443,8491,251,4923,10301491,17214504
306,2021. 1. 28,32136359,112585,2069,253,4959,9835872,18623610
307,2021. 1. 27,31038919,107407,5641,243,4990,8295122,17858303
308,2021. 1. 26,31811175,110512,5483,239,5694,7699423,18737063
309,2021. 1. 25,31945747,110300,8817,235,5618,7676792,18285405
310,2021. 1. 24,22168977,104756,7892,222,5666,6926718,16318683
311,2021. 1. 23,22078907,104239,325,222,5665,6620134,16568647
312,2021. 1. 22,30642991,112560,371,231,6225,7094860,18899076
313,2021. 1. 21,31361167,109698,6549,239,5711,6749867,19466486
314,2021. 1. 20,30916236,108543,5719,237,5625,6936672,18806710
315,2021. 1. 19,31313681,110518,1959,237,5713,6725259,19508148
316,2021. 1. 18,32882715,118204,7931,226,5826,6482292,20241862
317,2021. 1. 17,22890944,110844,4621,208,5941,5051830,18013298
318,2021. 1. 16,22629707,106907,9830,221,5753,5354921,18317317
319,2021. 1. 15,31050929,114594,2478,240,5448,7273544,20277098
320,2021. 1. 14,31806906,113698,7354,243,5353,8099051,19497863
321,2021. 1. 13,32206296,116540,2135,242,5719,8476964,19742979
322,2021. 1. 12,32338563,113941,4014,244,5736,8047712,19754381
323,2021. 1. 11,32963363,114902,4192,233,5673,7429154,19362508
324,2021. 1. 10,23733629,111860,3264,228,5892,8049762,17446185
325,2021. 1. 9,24209028,109968,5832,229,5789,7989572,17218159
326,2021. 1. 8,32564390,116249,5906,241,5823,8144488,19879537
327,2021. 1. 7,33591084,117166,6412,240,5691,8174194,19964203
328,2021. 1. 6,33055485,112761,9952,248,5546,7911158,20008022
329,2021. 1. 5,32731038,110457,4554,230,5679,6785800,18643120
330,2021. 1. 4,33646624,115488,4159,211,6233,6371539,17947304
331,2021. 1. 3,24334558,113804,7447,190,6538,6611901,15003877
332,2021. 1. 2,23719289,112715,8727,194,7018,6471708,15350824
333,2021. 1. 1,24776491,121568,8960,185,8416,6267030,16256172
334,2020. 12. 31,31228903,115272,2207,263,7983,9434225,20903407
335,2020. 12. 30,33899693,117465,1422,284,7338,10768961,22649047
336,2020. 12. 29,33914629,115179,5441,284,6831,10221080,22509852
337,2020. 12. 28,34391144,117386,2104,283,7019,8970250,24281224
338,2020. 12. 27,25073661,116946,5803,254,6683,8582737,21099117
339,2020. 12. 26,24358909,113264,8022,257,7151,8324755,20767429
340,2020. 12. 25,24278958,117659,194,254,7700,8380550,21505336
341,2020. 12. 24,32583433,118034,1101,270,7232,8910387,22971737
342,2020. 12. 23,33599623,116704,8588,277,6692,9539392,22834767
343,2020. 12. 22,34193164,118047,7202,272,6818,9978861,22155342
344,2020. 12. 21,34575822,119647,7357,264,6874,8615946,22965073
345,2020. 12. 20,24541924,113675,2984,244,7127,7697069,19985098
346,2020. 12. 19,24827208,113625,683,248,7535,7378187,20755762
347,2020. 12. 18,33320011,117700,2731,263,6934,8158298,22802502
348,2020. 12. 17,34300003,115983,7396,270,6489,7494670,23813882
349,2020. 12. 16,34362869,120197,8772,247,6715,7157833,22586314
350,2020. 12. 15,34810068,124211,894,239,7136,6016685,23686550
351,2020. 12. 14,35586124,129865,3360,233,7124,5499940,24753816
352,2020. 12. 13,25689368,123158,6766,220,7082,4870592,22189454
353,2020. 12. 12,25041857,115882,408,222,6597,4807021,20965124
354,2020. 12. 11,32876557,122607,5730,247,6724,5582447,24663029
355,2020. 12. 10,34723527,124239,4464,244,6574,5214504,25071460
356,2020. 12. 9,33817318,121181,2468,242,6577,4513905,24862868
357,2020. 12. 8,33713488,118521,3769,246,6166,4322600,24786468
358,2020. 12. 7,34137424,119549,9419,238,6045,5321435,23181210
359,2020. 12. 6,23861288,113388,6234,231,5953,5220910,21007477
360,2020. 12. 5,23474450,111464,6153,232,6123,5279222,20616600
361,2020. 12. 4,32497415,119474,4319,245,6192,6099755,23138160
362,2020. 12. 3,32649075,118852,5277,245,5917,5817122,23254529
363,2020. 12. 2,32700341,115026,4874,252,5945,6318143,22621914
364,2020. 12. 1,33415963,113219,3433,261,6022,6612527,22976748
365,2020. 11. 30,33419980,114257,8107,274,6071,9331540,21991053
366,2020. 11. 29,22718805,108010,3531,254,6096,8676360,18713358
367,2020. 11. 28,22554182,105149,8734,257,5867,8164266,18816138
368,2020. 11. 27,31557716,114649,6659,278,6260,9538590,22295887
369,2020. 11. 26,32368317,114447,5399,287,6100,9920487,22938600
370,2020. 11. 25,32186441,110546,3318,291,5946,8657969,23456750
371,2020. 11. 24,32041783,111317,6984,275,5842,8511486,22087575
372,2020. 11. 23,32087081,113690,9402,262,6140,9917918,19883168
373,2020. 11. 22,23050508,112096,3447,238,6590,8766050,17927343
374,2020. 11. 21,22300453,106094,9401,246,6417,8170812,17972516
375,2020. 11. 20,30379673,110205,5868,265,6230,9026036,20214405
376,2020. 11. 19,32255739,119291,5663,269,6667,9424841,22702279
377,2020. 11. 18,31959406,116221,2939,270,6282,9015918,22319131
378,2020. 11. 17,31597211,113599,6904,265,5248,8256562,21817915
379,2020. 11. 16,31693873,113580,8408,253,4076,7048180,21687040
380,2020. 11. 15,22228934,109754,7997,237,4112,6326151,19674299
381,2020. 11. 14,21721479,109773,3701,235,4164,6271979,19541577
382,2020. 11. 13,30045867,117828,2046,266,5366,6661432,24654954
383,2020. 11. 12,30810039,115316,1191,271,5935,6133174,25096666
384,2020. 11. 11,30691685,111971,2182,276,6533,5981510,24955395
385,2020. 11. 10,31334207,115940,791,259,6118,6364384,23667313
386,2020. 11. 9,31794966,118995,8348,243,6244,4949216,23966414
387,2020. 11. 8,22323851,110688,6136,227,5480,6059072,19030655
388,2020. 11. 7,22262842,111674,4540,221,5806,5122230,19541338
389,2020. 11. 6,31129746,123070,9635,236,6463,6572010,22429879
390,2020. 11. 5,32455239,122097,2209,234,6041,4837553,23689976
391,2020. 11. 4,32811653,120664,4255,232,5992,5054508,22954451
392,2020. 11. 3,32562227,118826,7538,230,5697,5497933,21852083
393,2020. 11. 2,33193182,119967,9547,228,6011,4939682,22359080
394,2020. 11. 1,22760266,114276,7360,212,5859,5396328,18787687
395,2020. 10. 31,21871726,104964,3298,238,5189,5606568,19347822
396,2020. 10. 30,29783391,112717,2686,253,5651,8302697,20204203
397,2020. 10. 29,31077760,116000,5362,259,5885,9300154,20748384
398,2020. 10. 28,31008845,113905,8969,272,5863,10975966,19977927
399,2020. 10. 27,31576242,117702,1742,259,5742,9892411,20583131
400,2020. 10. 26,31794323,115294,5119,253,5585,6719513,22464297
401,2020. 10. 25,22837394,110514,6573,224,5102,5112736,19697388
402,2020. 10. 24,22246946,107501,7519,231,5074,5236997,19577058
403,2020. 10. 23,29304335,109230,8183,250,5323,6180159,21124849
404,2020. 10. 22,31908026,117697,8991,235,5692,6552468,21103161
405,2020. 10. 21,31218098,117370,6160,234,5755,7744741,19675308
406,2020. 10. 20,31015058,114607,3767,237,5490,7109698,20007326
407,2020. 10. 19,31608812,115159,6507,224,5326,5370825,20436232
408,2020. 10. 18,22241236,106430,4936,205,4926,4439705,17368138
409,2020. 10. 17,21858967,106882,4330,208,5451,4947265,17292473
410,2020. 10. 16,30020309,115107,4294,225,5571,5245504,20657692
411,2020. 10. 15,31185292,113220,8068,228,5252,5002520,20828928
412,2020. 10. 14,30985652,112922,8535,217,5401,4698579,19824629
413,2020. 10. 13,31271018,113103,4441,211,5247,3391257,20478785
414,2020. 10. 12,32647993,119208,4292,205,5391,3347198,21046039
415,2020. 10. 11,22817547,109754,3151,198,5041,4283320,17460679
416,2020. 10. 10,22606926,108745,5524,207,4994,5032565,17423580
417,2020. 10. 9,23096142,111645,9243,205,5307,4822796,18033073
418,2020. 10. 8,30963220,113686,1047,218,5424,3825950,20942158
419,2020. 10. 7,31960567,112391,8961,225,5341,5457259,19841348
420,2020. 10. 6,32080599,113489,9218,213,5589,4372663,19850815
421,2020. 10. 5,33105499,115469,3473,205,5778,4832539,18785411
422,2020. 10. 4,23450361,112071,3087,191,5401,5253951,16097116
423,2020. 10. 3,21785840,108298,2659,179,5051,5069039,14336970
424,2020. 10. 2,20983046,107127,5648,183,5146,5726263,13881824
425,2020. 10. 1,20401987,105155,2655,185,4982,6752459,12710163
426,2020. 9. 30,21057535,102450,7257,216,4628,6895134,15222026
427,2020. 9. 29,29200718,110858,1424,221,4741,5966614,18522639
428,2020. 9. 28,31254287,117013,9043,225,4867,6325411,19946035
429,2020. 9. 27,22188516,112036,6552,205,4783,5659747,17282192
430,2020. 9. 26,22086183,109181,8324,210,4793,5518459,17432984
431,2020. 9. 25,30920121,114372,5860,250,5106,8171107,20367644
432,2020. 9. 24,31659304,114139,4032,258,5071,10530349,18889588
433,2020. 9. 23,31599374,112887,5097,259,5504,10707845,18576388
434,2020. 9. 22,32208028,114912,7400,241,5583,5336616,22344910
435,2020. 9. 21,32726809,114717,3030,237,5137,4249905,22969942
436,2020. 9. 20,22592362,107485,8116,203,4876,4921582,16846877
437,2020. 9. 19,22494322,107053,7289,202,4873,4674537,17000196
438,2020. 9. 18,31544680,116569,794,214,5414,3885337,21039228
439,2020. 9. 17,33225181,118818,4096,217,5745,5077293,20722994
440,2020. 9. 16,33330134,120161,7981,211,6156,4926577,20408310
441,2020. 9. 15,32939690,119107,1764,202,6432,4621525,19447326
442,2020. 9. 14,33409619,121404,4359,190,6324,4137101,18961079
443,2020. 9. 13,23352580,113763,4252,175,5811,4578119,15295168
444,2020. 9. 12,23383720,116064,836,174,5819,4027261,16120529
445,2020. 9. 11,32815082,124863,2822,189,6340,4467554,19152198
446,2020. 9. 10,33785967,122435,824,192,5951,4096880,19468028
447,2020. 9. 9,34347123,126033,7873,184,6160,3771776,19470078
448,2020. 9. 8,34317766,127167,7036,182,6154,3720825,19429947
449,2020. 9. 7,36190026,139301,229,174,6939,3390569,20902020
450,2020. 9. 6,23980273,122784,8701,162,6156,4430060,15432544
451,2020. 9. 5,24009657,122168,9881,157,5776,3941379,15291101
452,2020. 9. 4,33293216,131652,4024,174,6113,5073170,17843161
453,2020. 9. 3,34868950,135236,3093,176,6294,4770473,18982445
454,2020. 9. 2,35208189,138453,3313,174,6681,4375874,19693913
455,2020. 9. 1,35200373,133105,5543,177,5913,5504636,18121126
456,2020. 8. 31,35380188,136704,6587,173,5768,6522550,17171811
457,2020. 8. 30,25432710,132168,7754,161,5507,6673101,14644550
458,2020. 8. 29,25155768,132964,5468,159,5882,5797183,15282418
459,2020. 8. 28,33960336,140005,6340,175,6253,6982663,17539021
460,2020. 8. 27,34935197,138570,7669,189,6234,7967747,18197857
461,2020. 8. 26,34861755,134189,8438,188,5811,8343076,16900880
462,2020. 8. 25,34076399,130032,9397,184,5676,7268648,16700215
463,2020. 8. 24,36507657,132572,8033,183,5742,7777709,16473856
464,2020. 8. 23,28387739,123663,6048,160,5426,6480285,13333109
465,2020. 8. 22,27756555,124399,4221,161,5434,6284351,13686173
466,2020. 8. 21,35185184,126705,1371,194,6028,7258885,17333345
467,2020. 8. 20,33708233,119971,8601,189,5806,6734924,15908323
468,2020. 8. 19,35831991,129735,7992,186,6009,7515071,16561276
469,2020. 8. 18,35201841,124247,3494,191,5668,7761570,15943996
470,2020. 8. 17,28927641,120592,6728,173,5317,6761757,14099111
471,2020. 8. 16,24770138,112919,3630,166,4990,5661472,13102944
472,2020. 8. 15,25363710,117615,5128,165,5234,5915227,13535474
473,2020. 8. 14,32334027,123438,3659,190,5492,6234219,17216764
474,2020. 8. 13,32896154,118386,7372,204,5135,3330716,20875563
475,2020. 8. 12,32763490,117293,7451,199,5706,3034783,20336807
476,2020. 8. 11,32606595,118377,9128,194,5905,2981493,19975874
477,2020. 8. 10,33764785,121703,9324,204,6309,3502587,21271685
478,2020. 8. 9,25266053,117117,1619,175,6750,3416484,17070966
479,2020. 8. 8,25430648,118236,1012,175,6590,3758312,16913594
480,2020. 8. 7,31676426,123441,4810,195,6874,3804602,20277063
481,2020. 8. 6,30767531,114538,7384,199,6435,4024239,18748238
482,2020. 8. 5,31232592,114123,6062,200,5957,3794616,18973414
483,2020. 8. 4,31506768,116832,4453,190,6576,3747499,18459796
484,2020. 8. 3,31012293,118285,7926,183,6859,5372807,16292398
485,2020. 8. 2,24679259,119219,3950,154,6859,4503700,13912964
486,2020. 8. 1,24416074,117937,9369,157,6776,4868179,13693534
487,2020. 7. 31,31370999,118791,5516,201,5844,7624404,16278936
488,2020. 7. 30,32734142,120381,5788,209,6081,9103500,16111886
489,2020. 7. 29,33178905,122324,6593,213,6242,8834216,17257401
490,2020. 7. 28,32421310,117515,7362,219,6299,8823187,16909345
491,2020. 7. 27,33782929,124492,9520,195,6691,7134902,17114825
492,2020. 7. 26,25156684,119446,9729,175,6577,6732345,14208658
493,2020. 7. 25,24626280,118587,1066,174,6675,6890634,13744977
494,2020. 7. 24,33374206,128332,8927,195,6957,7169622,17907018
495,2020. 7. 23,34858284,133626,1214,195,7894,7136214,18879109
496,2020. 7. 22,34488481,131121,2442,195,7677,6591068,18968375
497,2020. 7. 21,34339928,126101,7455,203,7240,6147911,19492466
498,2020. 7. 20,34775873,129392,6731,199,7202,7566949,18231963
499,2020. 7. 19,25227972,122397,641,182,7101,7496549,14790896
500,2020. 7. 18,24236439,118212,3019,179,6770,6492453,14692542
501,2020. 7. 17,32289647,122179,7383,210,6485,7977693,17702029
502,2020. 7. 16,33285974,122027,9190,208,6725,7916092,17475252
503,2020. 7. 15,33185747,120795,733,202,6693,5788325,18588226
504,2020. 7. 14,33811908,125499,3021,194,6881,4661200,19664136
505,2020. 7. 13,34642809,130497,1647,192,7396,4821457,20197061
506,2020. 7. 12,24471984,124345,6109,168,7095,4588676,16295677
507,2020. 7. 11,24445969,125356,6951,165,7560,4496618,16151953
508,2020. 7. 10,34573015,138729,9326,179,7570,3874873,21016693
509,2020. 7. 9,34523791,137315,9964,183,8103,3650287,21523713
510,2020. 7. 8,32528985,129512,8310,198,8335,4978292,20646732
511,2020. 7. 7,32018404,123506,2428,195,7278,4152470,19985232
512,2020. 7. 6,32530913,124277,3926,190,6687,2978549,20613921
513,2020. 7. 5,22721663,113198,563,177,5754,2703233,17281664
514,2020. 7. 4,22494795,112878,8918,180,5833,3275460,17079006
515,2020. 7. 3,31658057,127065,8184,194,6576,3763944,20868001
516,2020. 7. 2,32347535,125786,5406,194,6354,3822356,20629206
517,2020. 7. 1,32437128,122661,5005,201,6900,3300830,21319726
518,2020. 6. 30,32865489,119548,8269,218,5473,5251133,20830062
519,2020. 6. 29,33352589,123314,7426,213,5856,5606223,20671321
520,2020. 6. 28,23866407,113514,9345,195,5549,5565939,16597804
521,2020. 6. 27,23475662,110863,184,200,5214,5521882,16680309
522,2020. 6. 26,32036099,120524,1011,217,5991,7032866,19117030
523,2020. 6. 25,33584670,124482,2733,217,6242,7303798,19736914
524,2020. 6. 24,33917162,128480,1329,218,6573,8077919,19870107
525,2020. 6. 23,33182104,123979,8213,209,6116,5819130,20073548
526,2020. 6. 22,33832071,127285,3845,205,6309,5009617,21057685
527,2020. 6. 21,23825642,115232,9566,191,5467,4248444,17730062
528,2020. 6. 20,24015238,115251,8879,190,5261,4016363,17849191
529,2020. 6. 19,32119441,124826,7074,208,5430,4293623,21663313
530,2020. 6. 18,33717636,127649,4136,207,5675,4588818,21835997
531,2020. 6. 17,33453832,127293,7884,204,5905,4062399,21878501
532,2020. 6. 16,33798224,125809,540,205,5918,3954270,21891250
533,2020. 6. 15,33717498,125801,6036,202,6345,3920449,21541461
534,2020. 6. 14,23815359,118155,8744,180,6111,3027570,18238052
535,2020. 6. 13,23823199,117829,549,179,6002,3725424,17359576
536,2020. 6. 12,32460353,128712,9703,197,6526,5006721,20372656
537,2020. 6. 11,33392612,125381,7775,199,5887,4879193,20083431
538,2020. 6. 10,33044594,122400,3924,214,5782,6438583,19711796
539,2020. 6. 9,33186815,122621,6866,208,5975,5375495,20164042
540,2020. 6. 8,33458732,121407,2340,205,5756,4141284,20742064
541,2020. 6. 7,23208025,109512,5030,194,5564,4335288,16942047
542,2020. 6. 6,22854282,109910,143,195,5076,4430989,17039622
543,2020. 6. 5,31691186,120430,4842,210,5402,5020721,20226498
544,2020. 6. 4,32799096,124895,5867,209,5229,6709436,19438155
545,2020. 6. 3,32631734,122993,1428,196,5358,6785418,17329491
546,2020. 6. 2,32854892,124551,5003,189,5355,4516517,19008014
547,2020. 6. 1,33152550,123520,3851,190,5085,3785107,19625586
548,2020. 5. 31,22679869,108618,6523,185,4201,3374280,16772802
549,2020. 5. 30,22330621,107272,3385,184,4207,3632785,16072091
550,2020. 5. 29,31214841,117461,5687,199,4613,3977196,19452491
551,2020. 5. 28,32779814,122932,9293,199,4794,5002570,19455308
552,2020. 5. 27,32538678,118470,6702,219,4372,5965161,19923414
553,2020. 5. 26,33053628,121907,777,213,4584,8445901,17520884
554,2020. 5. 25,33018047,121619,4105,210,4569,7476798,18073639
555,2020. 5. 24,22851007,114399,8850,192,4194,6571247,15435755
556,2020. 5. 23,22490965,108954,8874,199,3907,4040406,17592993
557,2020. 5. 22,31853140,121215,7046,208,4387,4496745,20701359
558,2020. 5. 21,32724314,124637,8946,207,4558,5093617,20672195
559,2020. 5. 20,32946241,122377,7013,202,4880,5446597,19331688
560,2020. 5. 19,33314206,127839,3987,198,5433,5508097,19744136
561,2020. 5. 18,33852370,127193,6217,188,5391,5549098,18417832
562,2020. 5. 17,22463001,111585,4607,172,4587,5001154,14243985
563,2020. 5. 16,22753719,111443,4519,174,4244,5023672,14394103
564,2020. 5. 15,33282800,130255,5091,182,5360,4464485,19285780
565,2020. 5. 14,34315909,128067,3348,187,5150,4673526,19269446
566,2020. 5. 13,34236114,126010,5721,192,5275,5265271,18983904
567,2020. 5. 12,33656722,124724,3474,197,5076,5973007,18596356
568,2020. 5. 11,34625172,126049,2536,195,5953,5782624,18852069
569,2020. 5. 10,23262137,112631,2535,184,4914,5307569,15454697
570,2020. 5. 9,23429599,114878,4854,183,5145,5516687,15449991
571,2020. 5. 8,31982132,121615,8700,194,5176,5315557,18319609
572,2020. 5. 7,32516851,124609,5083,191,5217,4915275,18863820
573,2020. 5. 6,33051163,123414,3127,193,5546,5409177,18431461
574,2020. 5. 5,23976197,119465,401,176,5636,5241886,15733966
575,2020. 5. 4,30107566,120098,5355,183,5512,5254752,16678152
576,2020. 5. 3,22385373,112955,8227,172,5032,4932914,14478824
577,2020. 5. 2,22298932,113217,3342,170,5127,4576547,14717262
578,2020. 5. 1,24472383,117293,6342,178,5295,5107452,15722849
579,2020. 4. 30,23679680,109828,1115,208,4793,7987576,14845685
580,2020. 4. 29,32604045,115206,5237,221,4870,8269516,17223215
581,2020. 4. 28,33387158,117242,9219,219,4822,8014374,17658237
582,2020. 4. 27,33635162,119269,8419,206,5131,7063636,17534597
583,2020. 4. 26,22739614,110324,9504,206,4524,7889292,14789546
584,2020. 4. 25,23218373,110500,6878,201,4909,7252815,15003980
585,2020. 4. 24,32473599,120256,5350,213,5050,7878317,17733807
586,2020. 4. 23,33637542,127563,870,193,5329,6506958,18107398
587,2020. 4. 22,32830480,123402,6472,201,5524,7100261,17648596
588,2020. 4. 21,33272502,122315,8186,189,5176,5705768,17396514
589,2020. 4. 20,33380891,120764,3896,192,4908,5224761,17996699
590,2020. 4. 19,23761297,116847,9183,182,4914,6097364,15199699
591,2020. 4. 18,22327463,106525,8686,177,4747,3540401,15362799
592,2020. 4. 17,32764997,123272,9330,183,5503,4008855,18497406
593,2020. 4. 16,35414373,123223,7059,182,5010,3747920,18656492
594,2020. 4. 15,23749364,117309,9589,174,5164,3942097,16417032
595,2020. 4. 14,29362667,116469,4240,182,5188,3501675,17707603
596,2020. 4. 13,30328218,118520,6527,186,5283,4989248,17016896
597,2020. 4. 12,21178163,112352,7841,174,4721,4961792,14607320
598,2020. 4. 11,20949861,109303,2979,173,5072,4990125,13970335
599,2020. 4. 10,28695111,114974,386,189,4907,4725606,16970817
600,2020. 4. 9,29468070,116922,4612,183,5286,3658869,17784958
601,2020. 4. 8,29349921,118405,2407,175,5376,3314860,17433116
602,2020. 4. 7,29423400,118173,3228,177,5187,3175738,17740460
603,2020. 4. 6,28449789,118564,4091,161,5167,2846481,16278052
604,2020. 4. 5,18849206,107422,7062,159,4699,3353817,13711317
605,2020. 4. 4,18988644,104944,3945,165,4806,3922572,13386017
606,2020. 4. 3,26603711,112880,885,175,4659,3930987,15802773
607,2020. 4. 2,28153980,117482,2195,167,4967,3761912,15848914
608,2020. 4. 1,28527242,118864,8747,174,5211,3602628,17025611
609,2020. 3. 31,28086271,118280,9230,191,5276,5300949,17299718
610,2020. 3. 30,28444136,117385,889,199,4872,6950696,16462773
611,2020. 3. 29,20306112,111225,7492,188,4604,7186628,13702121
612,2020. 3. 28,20417408,110946,3486,189,4642,6845581,14152083
613,2020. 3. 27,27513860,121569,6102,196,4904,6717551,17161183
614,2020. 3. 26,29127578,125568,5238,195,5126,6770126,17659472
615,2020. 3. 25,26720753,116303,8279,197,4710,6717450,16224071
616,2020. 3. 24,28750289,127070,4813,191,4851,7403552,16855024
617,2020. 3. 23,28206112,131389,955,192,4814,8650393,16560596
618,2020. 3. 22,19943762,121234,9977,200,4590,9812060,14416388
619,2020. 3. 21,20038369,117032,9451,204,4613,10212505,13698240
620,2020. 3. 20,27666015,130158,6745,209,5006,10730688,16430064
621,2020. 3. 19,29453029,135776,3031,199,5662,9026644,17981834
622,2020. 3. 18,28543339,129526,792,195,5276,7429519,17867136
623,2020. 3. 17,28949283,128150,5748,184,5258,4648324,18896735
624,2020. 3. 16,27945145,125981,3193,183,5001,4713530,18381148
625,2020. 3. 15,19582208,120568,7665,170,4921,4551652,15968664
626,2020. 3. 14,19513771,117849,8948,171,4826,4358468,15797515
627,2020. 3. 13,26955326,126280,7712,181,5179,4254705,18662567
628,2020. 3. 12,27397335,127118,6626,176,5413,3607081,18817806
629,2020. 3. 11,26918956,122870,9706,174,5089,3004832,18333617
630,2020. 3. 10,27715939,129893,335,168,5199,3437526,18391407
631,2020. 3. 9,27932380,127843,4998,177,4833,3164703,19443185
632,2020. 3. 8,19658797,116630,7160,151,4479,2686033,14920429
633,2020. 3. 7,20022258,118087,3618,146,4611,2609559,14665645
634,2020. 3. 6,26729741,126922,8299,171,4749,2690547,19060901
635,2020. 3. 5,27720080,134885,3643,155,4805,2825897,18039427
636,2020. 3. 4,27864541,130437,2537,161,4658,2956130,17993596
637,2020. 3. 3,28200265,129557,5782,158,5318,2613518,17906248
638,2020. 3. 2,29223798,135028,2390,151,4402,2470712,17925253
639,2020. 3. 1,21712227,129688,7959,137,4896,2720166,15044781
640,2020. 2. 29,21474425,125843,2244,147,4520,3160462,15340969
641,2020. 2. 28,28737754,134974,977,163,4841,3382231,18607035
642,2020. 2. 27,28679170,130511,2779,164,4782,2843891,18548120
643,2020. 2. 26,28309811,121576,157,178,4694,2445891,19139103
644,2020. 2. 25,29561730,125550,9115,175,4654,2145371,19886478
645,2020. 2. 24,28544183,122440,2391,171,4317,1954450,18956516
646,2020. 2. 23,21595353,121768,7169,159,4207,2662714,16640686
647,2020. 2. 22,21437054,116967,3873,164,4264,2660950,16506900
648,2020. 2. 21,28088290,119040,7584,193,4158,2930875,20053185
649,2020. 2. 20,27963187,115529,5465,196,4279,3056976,19587238
650,2020. 2. 19,26661768,109941,2243,195,4066,2637180,18841097
651,2020. 2. 18,26285630,111059,2861,194,4166,2654981,18900068
652,2020. 2. 17,25866036,111761,9842,199,4223,2860179,19384359
653,2020. 2. 16,17385426,102894,8820,175,3819,3120711,14852402
654,2020. 2. 15,17297292,99887,4351,180,3655,3147363,14827256
655,2020. 2. 14,24589636,107402,628,204,3873,3374798,18483240
656,2020. 2. 13,24676417,108971,4029,198,4008,3345362,18244490
657,2020. 2. 12,24921584,112723,512,188,4150,2781997,18388272
658,2020. 2. 11,24571415,106397,1085,192,3467,2737949,17677770
659,2020. 2. 10,24732081,103494,5501,194,3460,2645359,17427836
660,2020. 2. 9,16848203,98846,6418,165,3455,2595305,13714335
661,2020. 2. 8,17054662,98498,273,165,3737,2495537,13738342
662,2020. 2. 7,23640726,105280,4921,185,4188,2494109,16938042
663,2020. 2. 6,24268512,105869,8901,185,3787,2235101,17387706
664,2020. 2. 5,23797758,107436,7714,180,3848,2419440,16870919
665,2020. 2. 4,23860024,106673,6347,179,3858,2603772,16450159
666,2020. 2. 3,23545973,105018,9848,180,3715,2801424,16142007
667,2020. 2. 2,16643670,100164,6003,161,3601,2750871,13326682
668,2020. 2. 1,16765183,97119,4154,167,3658,2741794,13469603
669,2020. 1. 31,24883280,103442,8103,199,3692,3056273,17548545
670,2020. 1. 30,24310201,104242,5072,203,3939,3481574,17721148
671,2020. 1. 29,23671760,102412,5592,204,4304,3361773,17491435
672,2020. 1. 28,23343924,97649,9482,208,3765,3295549,16979150
673,2020. 1. 27,16420343,93616,2882,186,3547,3828900,13627386
674,2020. 1. 26,14331353,84753,1370,183,3029,3661839,11878590
675,2020. 1. 25,13688487,82442,9747,186,2894,3562620,11736534
676,2020. 1. 24,14479830,80797,7974,197,2862,3850848,12103688
677,2020. 1. 23,21130856,90002,3715,215,3087,4020867,15358787
678,2020. 1. 22,22800430,98840,6689,213,3381,3624392,17410544
679,2020. 1. 21,22888087,95148,8325,216,3545,3662560,16930432
680,2020. 1. 20,23094557,95755,4558,226,3517,4347754,17326197
681,2020. 1. 19,15894841,86811,9460,219,3141,4525472,14464809
682,2020. 1. 18,16552244,86359,2179,227,3452,4352978,15290457
683,2020. 1. 17,22638195,95221,429,244,4018,4685052,18519742
684,2020. 1. 16,23259599,96746,3993,235,4155,4313209,18428849
685,2020. 1. 15,23176963,96571,1797,226,4005,3751396,18032653
686,2020. 1. 14,23529641,98980,2651,216,4114,3454697,17887645
687,2020. 1. 13,22838074,95883,3936,236,4043,4722664,17924687
688,2020. 1. 12,15490097,87574,3930,225,3540,5107682,14568875
689,2020. 1. 11,15663316,85682,5915,230,3561,5003476,14672420
690,2020. 1. 10,22517814,98613,821,236,3951,4429155,18815380
691,2020. 1. 9,22948450,101462,2800,231,4253,3853346,19574614
692,2020. 1. 8,23279614,101697,3363,227,4369,3749664,19333548
693,2020. 1. 7,23075451,103978,4906,215,4714,3160229,19203123
694,2020. 1. 6,22986998,103847,4639,210,4678,3020264,18794187
695,2020. 1. 5,15819979,89865,6993,207,3941,3418637,15192982
696,2020. 1. 4,15797789,88444,4142,213,3750,3530905,15267610
697,2020. 1. 3,21928400,100687,1695,218,4265,3453376,18523067
698,2020. 1. 2,22762315,103040,5368,204,4678,2411582,18580788
699,2020. 1. 1,17222393,102629,3505,173,4830,1386032,16346907
700,2019. 12. 31,25508892,96232,5754,324,3880,9177739,22014850
701,2019. 12. 30,27276997,100555,3608,332,4111,10781215,22558855
702,2019. 12. 29,18019289,89664,2721,323,3610,9637937,19348816
703,2019. 12. 28,18310010,86746,8394,330,3513,9468971,19148985
704,2019. 12. 27,25996080,97753,9105,322,4511,8276971,23212740
705,2019. 12. 26,26722558,99920,9040,297,4883,5193855,24447098
706,2019. 12. 25,18141412,94064,265,289,5045,5944440,21194007
707,2019. 12. 24,25966427,100144,1348,301,5894,6073362,24058360
708,2019. 12. 23,26500415,101451,391,286,5091,5059472,23953556
709,2019. 12. 22,17276847,89132,6864,278,3826,4475764,20259148
710,2019. 12. 21,17576991,87290,5305,284,3649,4475734,20344742
711,2019. 12. 20,25377334,94993,9484,294,4220,4230420,23727636
712,2019. 12. 19,26406049,99920,9763,273,4558,3085170,24177440
713,2019. 12. 18,26991934,101214,1046,279,4688,3973509,24284052
714,2019. 12. 17,27229481,104321,9329,272,4813,4046694,24350134
715,2019. 12. 16,26928430,103069,7109,267,4592,3933293,23596537
716,2019. 12. 15,17652499,91215,9821,266,3846,4370008,19896827
717,2019. 12. 14,17892201,91248,8729,266,3817,4367175,19933610
718,2019. 12. 13,25872919,99902,5865,285,4589,4457927,23996477
719,2019. 12. 12,26588704,102598,2781,273,4881,3961647,24013948
720,2019. 12. 11,26630686,103267,6253,264,4802,3970574,23333347
721,2019. 12. 10,26695545,104116,7290,264,4730,3894358,23541676
722,2019. 12. 9,26545144,100950,8092,260,4254,3738054,22460813
723,2019. 12. 8,17118306,92260,9685,253,3895,4054741,19332839
724,2019. 12. 7,17129092,89526,2257,259,3844,3810104,19402867
725,2019. 12. 6,25152885,98125,1122,274,4216,3822945,23063166
726,2019. 12. 5,25846942,101804,2212,270,4207,4087814,23448193
727,2019. 12. 4,25799383,102413,6432,253,4047,2695404,23182076
728,2019. 12. 3,26161558,104538,4110,248,4057,2821213,23067311
729,2019. 12. 2,26642109,104855,8813,245,4105,2628418,23092652
730,2019. 12. 1,17132364,97223,3163,224,3760,3133455,18626566
731,2019. 11. 30,17110767,90459,8983,234,3388,2979168,18233002
732,2019. 11. 29,25180662,101125,4019,242,3884,2957811,21550186
733,2019. 11. 28,26087750,104254,5138,251,3976,3046311,23160323
734,2019. 11. 27,26547383,103055,7910,274,3951,2735328,25526369
735,2019. 11. 26,26728918,104962,7812,243,4035,2168315,23385821
736,2019. 11. 25,27409544,107311,9270,231,4065,2392151,22377505
737,2019. 11. 24,17857781,96748,6735,219,3330,2837011,18393559
738,2019. 11. 23,17042488,90431,1889,228,3325,2622942,17961796
739,2019. 11. 22,25058662,100353,8247,247,3657,2828455,21926499
740,2019. 11. 21,26016107,103368,5175,237,3733,2558164,21964405
741,2019. 11. 20,26664517,105267,2809,225,3925,2364016,21318848
742,2019. 11. 19,26748051,108201,7717,226,4185,2604004,21819842
743,2019. 11. 18,26631892,110702,8166,216,4087,2066719,21873064
744,2019. 11. 17,18206886,104012,7390,189,3809,2032162,17663546
745,2019. 11. 16,17394658,94822,2564,204,3568,2112448,17223229
746,2019. 11. 15,25630410,109844,4385,224,4096,2735337,21825846
747,2019. 11. 14,25895817,105678,3273,230,4121,3489766,20864748
748,2019. 11. 13,25832582,106493,834,229,4378,3610386,20803620
749,2019. 11. 12,25778795,102299,4731,233,4278,3477732,20403446
750,2019. 11. 11,26719682,105681,6403,222,4164,2306926,21110039
751,2019. 11. 10,16919662,91304,239,213,3260,2390883,17089555
752,2019. 11. 9,17095691,87466,8399,221,2985,2253591,17056375
753,2019. 11. 8,24949304,99774,2457,231,3762,2293311,20768303
754,2019. 11. 7,25944153,103270,8350,224,3844,2306603,20853842
755,2019. 11. 6,25999408,101476,2543,227,3725,2198612,20791759
756,2019. 11. 5,26338682,102908,2379,218,3966,2118554,20275983
757,2019. 11. 4,27351279,102216,6516,216,3915,1975952,20095389
758,2019. 11. 3,17311035,93044,8484,201,3214,2071233,16660004
759,2019. 11. 2,17529395,91611,3649,207,3131,2066786,16855305
760,2019. 11. 1,25484111,100050,1828,222,3451,2222654,19994290
761,2019. 10. 31,26778704,101172,5404,230,3479,2803419,20447938
762,2019. 10. 30,26842298,102681,4671,228,3194,2512197,20915209
763,2019. 10. 29,27022269,103737,4223,226,3412,2498572,20911931
764,2019. 10. 28,26917932,105854,2109,220,3573,2512239,20800862
765,2019. 10. 27,17332422,94566,5520,209,2974,2409703,17358562
766,2019. 10. 26,17592853,93915,3027,210,2813,2222880,17486478
767,2019. 10. 25,25961617,106938,1991,223,3318,2506899,21330301
768,2019. 10. 24,26984530,109387,4800,220,3496,2290807,21788219
769,2019. 10. 23,26974611,109069,5626,215,3451,2191225,21241924
770,2019. 10. 22,26564014,106724,8845,216,3430,2160557,20856212
771,2019. 10. 21,26944805,103058,6614,211,3529,2147080,19622021
772,2019. 10. 20,17345593,91639,8056,203,3149,2478293,16079102
773,2019. 10. 19,17470773,88264,4246,207,3182,2611952,15669738
774,2019. 10. 18,25775042,102105,3144,221,3493,2598682,19951672
775,2019. 10. 17,26433674,102548,7564,221,3505,2093806,20590693
776,2019. 10. 16,26823722,102960,7130,217,3501,2166411,20153648
777,2019. 10. 15,27452537,103902,9266,210,3694,2276176,19504736
778,2019. 10. 14,28053187,102143,2865,221,3398,3795363,18785183
779,2019. 10. 13,17418093,89537,8108,204,2944,3511009,14756615
780,2019. 10. 12,17734357,89115,6705,200,3128,2519116,15342105
781,2019. 10. 11,25798890,100409,9112,207,3668,2083084,18735757
782,2019. 10. 10,27456838,102732,3100,209,3664,2639622,18882128
783,2019. 10. 9,19831179,94120,5433,210,3522,2825679,16973496
784,2019. 10. 8,28044170,100954,7619,207,3709,2204156,18650602
785,2019. 10. 7,29762163,107791,513,205,3983,2717928,19327067
786,2019. 10. 6,19580434,92367,9466,208,3223,3588777,15612301
787,2019. 10. 5,20017565,93554,4510,210,3269,3428032,16246957
788,2019. 10. 4,27503625,105434,2348,212,3631,3064561,19239902
789,2019. 10. 3,21176428,103679,4977,193,3759,2434352,17533963
790,2019. 10. 2,29727652,113663,9046,205,4277,2475964,20830091
791,2019. 10. 1,29203436,106740,7643,206,3708,2194351,19775295
792,2019. 9. 30,29078401,103410,9197,225,3567,2924491,20316411
793,2019. 9. 29,18865595,93172,3948,195,3475,2704921,15437258
794,2019. 9. 28,19274623,92035,6493,204,3110,2691613,16041650
795,2019. 9. 27,28144601,102765,964,232,3438,3130288,20685530
796,2019. 9. 26,28757378,104443,6354,227,3538,3180844,20491855
797,2019. 9. 25,28470410,104400,4811,220,3642,2721843,20233909
798,2019. 9. 24,28752505,106572,4899,214,3612,2294934,20498513
799,2019. 9. 23,29252145,107277,5922,209,3678,2241824,20168367
800,2019. 9. 22,20318118,104686,8309,193,3916,2709643,17531213
801,2019. 9. 21,19947963,98524,5272,201,3642,2443128,17362512
802,2019. 9. 20,27734681,106852,3295,216,3859,2611268,20421497
803,2019. 9. 19,27697280,105351,2413,211,3745,2494400,19776855
804,2019. 9. 18,28097345,101883,2432,229,3817,3782293,19534143
805,2019. 9. 17,28708164,105591,4546,224,3661,3648678,20010021
806,2019. 9. 16,29361882,106298,5018,217,3482,3883147,19203559
807,2019. 9. 15,19175409,97167,4624,192,3286,4109733,14590777
808,2019. 9. 14,17222675,90390,7921,184,3220,3367588,13269540
809,2019. 9. 13,15929378,87255,1225,178,3253,2761878,12746499
810,2019. 9. 12,17781055,93957,3760,178,3330,2914154,13844541
811,2019. 9. 11,25114769,100718,8582,205,3198,2970651,17699517
812,2019. 9. 10,30868477,116683,4802,200,3837,2980200,20405137
813,2019. 9. 9,32046083,119495,5169,195,3835,2993121,20351663
814,2019. 9. 8,20751130,101264,4332,191,3260,2952443,16338655
815,2019. 9. 7,23299670,115858,4009,191,4297,3862183,18283135
816,2019. 9. 6,29876520,114593,4236,210,4066,2966238,21136524
817,2019. 9. 5,29751204,115438,2165,213,3869,2666469,21959008
818,2019. 9. 4,29362359,110253,6977,223,3580,2826132,21798759
819,2019. 9. 3,29967808,110363,7324,226,3568,2635211,22310555
820,2019. 9. 2,30085334,107717,1603,226,3520,2383840,21936724
821,2019. 9. 1,19547107,92697,9981,198,2780,1798568,16595212
822,2019. 8. 31,19950625,91982,2873,209,2831,2340643,16839470
823,2019. 8. 30,28726511,105090,6645,226,3244,2589973,21111514
824,2019. 8. 29,29971138,111800,8165,218,3454,2867343,21484962
825,2019. 8. 28,29682794,110478,4401,216,3518,2607051,21243812
826,2019. 8. 27,29981071,112503,6079,206,3366,2418788,20765626
827,2019. 8. 26,29907081,109130,3816,206,3368,2522157,19983458
828,2019. 8. 25,19777863,97348,9015,179,2806,2098732,15321309
829,2019. 8. 24,19978431,95856,7865,182,2974,2018187,15467677
830,2019. 8. 23,28781011,108324,4497,201,3602,2134089,19618839
831,2019. 8. 22,30281495,113497,515,198,3583,2027465,20489124
832,2019. 8. 21,29861885,112029,3784,200,3423,2062290,20389448
833,2019. 8. 20,29141624,111102,7322,202,3274,1867495,20621170
834,2019. 8. 19,29965484,108792,676,200,3358,1775507,19931031
835,2019. 8. 18,20195657,96946,6830,179,2775,2190696,15131788
836,2019. 8. 17,20294711,96795,2586,182,2974,2609429,15029332
837,2019. 8. 16,27950468,109232,5914,195,3265,2746783,18505659
838,2019. 8. 15,21651409,111343,7540,178,2926,2760199,17059240
839,2019. 8. 14,29266072,114150,4382,197,3263,3074995,19466849
840,2019. 8. 13,29672944,115467,3584,194,3280,3231838,19170569
841,2019. 8. 12,30490094,116996,7790,190,3367,2574348,19614826
842,2019. 8. 11,19778150,102871,5790,179,2851,2623835,15792200
843,2019. 8. 10,19875563,102688,9615,182,2810,2569202,16085155
844,2019. 8. 9,28322166,112400,1634,209,3322,3516714,20014833
845,2019. 8. 8,29708479,111827,8788,211,3382,3978123,19571460
846,2019. 8. 7,29697030,112751,3404,207,3388,3944176,19361999
847,2019. 8. 6,30118192,115727,3717,201,3270,3914691,19362891
848,2019. 8. 5,29339496,111585,1315,199,3290,3317529,18845159
849,2019. 8. 4,18879947,99100,8659,179,2883,2922714,14808343
850,2019. 8. 3,19517621,98036,956,182,3005,2869734,14983236
851,2019. 8. 2,27163452,108977,853,196,3548,2719524,18601751
852,2019. 8. 1,27024641,110743,9988,188,3384,1545279,19308877
853,2019. 7. 31,27706047,110632,8745,195,3305,1773829,19853537
854,2019. 7. 30,27551029,109772,3207,201,3169,2326711,19741858
855,2019. 7. 29,27661964,109168,4112,204,2930,3198907,19036940
856,2019. 7. 28,18420206,100104,5102,184,2583,1868008,16530729
857,2019. 7. 27,19157889,98194,2952,189,2619,1848732,16684873
858,2019. 7. 26,28024043,114520,3367,200,3089,1965814,20929451
859,2019. 7. 25,28757856,115966,5383,205,2939,2110501,21681193
860,2019. 7. 24,29350390,117810,7112,200,3057,2235305,21276965
861,2019. 7. 23,29116395,113235,6004,210,2975,2412609,21311190
862,2019. 7. 22,30118158,112918,7225,213,3054,2460303,21633293
863,2019. 7. 21,19525512,102690,4404,197,10658,2234153,17945278
864,2019. 7. 20,20973070,108958,3702,196,10979,2293414,19104862
865,2019. 7. 19,29073044,116033,9880,212,11970,2360442,22237139
866,2019. 7. 18,29699431,116798,8134,210,12098,2203547,22332730
867,2019. 7. 17,29282839,115771,3089,204,12088,2090671,21532412
868,2019. 7. 16,29682791,115497,435,203,12349,2108632,21375846
869,2019. 7. 15,29894301,111580,1096,211,12728,2032464,21540793
870,2019. 7. 14,19316093,100514,1759,196,11142,2050415,17684430
871,2019. 7. 13,19728169,98884,9151,203,11072,2026333,18094675
872,2019. 7. 12,28079000,107595,2658,222,11780,2237783,21635846
873,2019. 7. 11,29118262,112675,9234,219,12243,2203465,22440163
874,2019. 7. 10,29817389,113359,7048,212,12533,1951539,22130684
875,2019. 7. 9,28945840,114086,4080,210,12506,1891646,22106295
876,2019. 7. 8,28814548,117520,475,205,13106,1688048,22443603
877,2019. 7. 7,19021247,102132,7770,199,11121,1428984,18846938
878,2019. 7. 6,19287018,101739,7429,199,11071,1468718,18814883
879,2019. 7. 5,27604389,112332,6212,218,11942,1859174,22617766
880,2019. 7. 4,28111383,111063,203,225,12359,1720008,23217437
881,2019. 7. 3,28325599,109717,5253,221,12553,1366560,22856542
882,2019. 7. 2,27996185,110416,1740,224,12490,1477676,23240827
883,2019. 7. 1,28052851,106764,5103,226,12855,1201277,22894994
884,2019. 6. 30,18924991,99862,1670,214,11321,840168,20557276
885,2019. 6. 29,19204485,100014,2117,213,11417,880621,20450313
886,2019. 6. 28,26759086,105956,4108,231,11849,1060779,23381832
887,2019. 6. 27,28220347,106091,6275,235,12184,1159631,23770329
888,2019. 6. 26,27153632,106959,5764,235,12489,1209484,23948354
889,2019. 6. 25,26964977,103783,5986,237,12506,1367319,23250939
890,2019. 6. 24,27603952,108919,1937,234,13051,1763681,23690865
891,2019. 6. 23,17781968,87293,2520,240,11159,1802940,19155339
892,2019. 6. 22,18370281,88037,1156,243,10939,1815859,19582834
893,2019. 6. 21,25809792,97371,2287,255,11971,1831700,22965921
894,2019. 6. 20,26961917,97614,6411,258,11913,2034557,23197153
895,2019. 6. 19,27011621,97535,4918,249,11853,1930971,22313073
896,2019. 6. 18,27537197,100438,8178,248,12037,2314301,22586695
897,2019. 6. 17,28007655,99667,8087,247,12364,2357945,22285210
898,2019. 6. 16,18706005,90280,1711,234,11177,2505974,18656559
899,2019. 6. 15,18800161,90549,9000,233,10970,2339243,18761991
900,2019. 6. 14,26132575,95959,2337,249,11549,2311646,21617202
901,2019. 6. 13,27283050,99775,564,246,11983,2218189,22371837
902,2019. 6. 12,27949679,100778,5230,238,11736,1909081,22053945
903,2019. 6. 11,27515979,98214,3671,236,11772,1914910,21226997
904,2019. 6. 10,28607350,101378,4640,229,12408,2008057,21177378
905,2019. 6. 9,19791470,93997,1631,212,10962,1399098,18486578
906,2019. 6. 8,19422614,91602,8894,215,10990,1451279,18284164
907,2019. 6. 7,26436327,100302,3464,234,12080,2219078,21232090
908,2019. 6. 6,20567443,97953,5584,227,11007,2498982,19716337
909,2019. 6. 5,27924409,98169,1463,250,12030,2452707,22055540
910,2019. 6. 4,28279169,105558,4134,240,12606,2534023,22791186
911,2019. 6. 3,28570480,102029,1921,234,12275,2407751,21427079
912,2019. 6. 2,18828087,85906,1896,224,9783,2270382,17000186
913,2019. 6. 1,18990590,87201,6343,228,9999,2096556,17775050
914,2019. 5. 31,27481943,92725,2859,258,10758,2097664,21824644
915,2019. 5. 30,28643315,102423,5256,236,11124,1837495,22292954
916,2019. 5. 29,28084589,98326,4535,243,11109,1838889,22008241
917,2019. 5. 28,28096375,95472,2300,253,11456,1934563,22214548
918,2019. 5. 27,29376628,103039,3227,238,12413,2227610,22319009
919,2019. 5. 26,18897193,86517,714,241,10234,2167822,18688188
920,2019. 5. 25,18600502,85185,5376,243,10255,2053604,18631677
921,2019. 5. 24,26661276,97022,4847,255,11188,1936532,22792628
922,2019. 5. 23,27484384,97960,8306,249,11471,2022781,22322635
923,2019. 5. 22,26666955,95546,6181,245,11405,2119250,21247015
924,2019. 5. 21,26562142,97265,9178,242,11303,2152461,21373878
925,2019. 5. 20,27483796,104660,9797,231,11605,2151240,22041415
926,2019. 5. 19,18774449,106219,5112,212,10700,2067256,20422121
927,2019. 5. 18,18661293,90354,4652,233,10463,1984089,19034055
928,2019. 5. 17,26077112,99858,1404,239,11360,1989421,21916313
929,2019. 5. 16,27065410,100659,4888,239,11354,2013137,22083684
930,2019. 5. 15,27275638,99074,2190,242,11720,2332361,21644887
931,2019. 5. 14,27792089,100688,5942,240,11779,2566955,21558227
932,2019. 5. 13,27963315,100830,1666,234,11922,2496454,21118770
933,2019. 5. 12,18011714,86134,9137,224,10354,2420260,16882865
934,2019. 5. 11,18305515,85240,5416,224,10392,2269029,16865896
935,2019. 5. 10,26103471,95952,1976,231,11417,2321339,19830969
936,2019. 5. 9,27228335,97873,9265,228,11774,2407146,19945004
937,2019. 5. 8,27039068,95478,1351,231,12738,2539511,19550282
938,2019. 5. 7,27494174,93956,1397,237,12193,2563848,19661347
939,2019. 5. 6,19652427,89059,5779,219,11588,2429172,17102942
940,2019. 5. 5,16346828,77529,4641,229,10850,2297529,15453578
941,2019. 5. 4,17562454,82390,5901,223,10414,2344197,15991885
942,2019. 5. 3,25614319,93299,2049,240,11715,2535631,19896348
943,2019. 5. 2,26941057,94676,4507,237,11747,2529060,19936532
944,2019. 5. 1,21273584,89452,9286,235,11571,2114987,18944745
945,2019. 4. 30,27181606,91788,9161,267,11547,2671057,21864086
946,2019. 4. 29,28153580,100475,8846,242,12458,2465048,21874213
947,2019. 4. 28,17265631,85078,8440,225,10542,2298494,16804459
948,2019. 4. 27,17813060,83343,3542,223,10225,1727705,16867075
949,2019. 4. 26,26745720,98260,8158,236,11657,1873498,21340493
950,2019. 4. 25,28280883,103336,2703,231,12139,2055962,21821048
951,2019. 4. 24,27910380,99205,9743,239,11914,2282622,21471574
952,2019. 4. 23,28533478,104718,8593,234,12367,2577002,21948433
953,2019. 4. 22,26409432,95008,8722,228,11661,2511098,19195767
954,2019. 4. 21,18826471,91227,7017,217,10542,2719059,17033362
955,2019. 4. 20,19044246,88477,3622,217,10441,1849579,17329793
956,2019. 4. 19,27002081,98920,6224,232,11695,1848371,21080125
957,2019. 4. 18,28262685,103793,4635,220,6847,1858589,21009746
958,2019. 4. 17,27706264,102340,5304,223,4196,1980781,20792650
959,2019. 4. 16,28177141,103697,6945,219,4207,1878778,20854335
960,2019. 4. 15,28376151,103783,4065,219,4090,1988755,20715428
961,2019. 4. 14,19294569,99815,1067,200,3894,2117043,17880272
962,2019. 4. 13,19051067,92279,4781,205,3822,1867657,17026148
963,2019. 4. 12,26521534,104269,1249,218,4430,1722363,20974603
964,2019. 4. 11,27289105,105271,7443,223,4698,1780737,21742203
965,2019. 4. 10,28038732,103156,4628,226,4490,2041585,21245705
966,2019. 4. 9,28655598,107616,6245,213,4550,2164790,20740215
967,2019. 4. 8,28678520,106364,8763,212,4285,1751789,20812557
968,2019. 4. 7,18594666,95657,5358,195,3684,1828883,16835151
969,2019. 4. 6,18972633,95007,6747,200,3946,1768615,17211347
970,2019. 4. 5,27434055,105370,1683,213,4262,1897821,20496777
971,2019. 4. 4,27510174,103477,7375,217,4251,1833387,20587762
972,2019. 4. 3,27626355,103338,8036,217,4380,1667920,20772304
973,2019. 4. 2,27528949,105294,5294,215,4644,1798008,20829576
974,2019. 4. 1,27665997,108826,1524,211,4655,1611136,21324175
975,2019. 3. 31,18260419,100214,5597,215,4157,1518463,19986775
976,2019. 3. 30,18756389,99539,4376,231,4317,2449001,20591349
977,2019. 3. 29,26213305,103236,233,240,4572,1831064,22932965
978,2019. 3. 28,27361899,107255,6692,231,4750,1970316,22791192
979,2019. 3. 27,27500836,107456,7367,233,4605,2079096,23003454
980,2019. 3. 26,27414036,108601,1972,229,4493,1865622,22974840
981,2019. 3. 25,27826198,110973,5439,220,4377,1449513,22997609
982,2019. 3. 24,18168332,98101,2242,204,4055,1527688,18439780
983,2019. 3. 23,18655062,102613,8530,202,4613,1528938,19164751
984,2019. 3. 22,26157711,114182,2930,210,5433,1616106,22413298
985,2019. 3. 21,26932551,118719,5920,210,5588,1629661,23242585
986,2019. 3. 20,27196026,118473,4327,209,4960,1882830,22852075
987,2019. 3. 19,26678174,89825,2648,257,2406,2004671,21090072
988,2019. 3. 18,26554775,87208,441,255,1910,1997337,20279184
989,2019. 3. 17,17346843,80759,7594,231,1490,1942218,16681005
990,2019. 3. 16,17656044,79402,5306,235,1829,1981329,16682545
991,2019. 3. 15,25608705,85497,6371,257,1926,2293102,19682643
992,2019. 3. 14,26161202,83813,9127,253,1934,2693877,18550895
993,2019. 3. 13,26629446,84637,4886,253,1951,3873703,17537495
994,2019. 3. 12,26650311,83618,6711,244,1951,3114163,17298255
995,2019. 3. 11,26296093,86862,2120,240,1964,1974214,18868717
996,2019. 3. 10,16893427,82849,3961,220,1797,2146753,16046722
997,2019. 3. 9,16513444,75696,2392,230,1641,2304612,15135874
998,2019. 3. 8,24167276,86563,2922,240,1704,2565944,18236555
999,2019. 3. 7,25055145,86822,771,241,1746,2676738,18264841
1000,2019. 3. 6,25272016,86885,9942,240,1950,2696609,18172097
1001,2019. 3. 5,25136665,85278,9953,240,1807,2555700,17921759
1002,2019. 3. 4,24280207,83817,1238,238,1664,2200972,17753080
1003,2019. 3. 3,16190460,81446,7720,207,1450,2116356,14767321
1004,2019. 3. 2,16013652,79638,478,210,1477,2037278,14701071
1005,2019. 3. 1,15869682,79266,8694,216,1515,2247343,14868094
1006,2019. 2. 28,23949315,76982,555,282,1529,1958963,19766834
1007,2019. 2. 27,24537853,80567,1755,263,1568,1758384,19450013
1008,2019. 2. 26,23615597,82387,3452,255,1550,2214630,18820593
1009,2019. 2. 25,23719084,83796,6784,247,1506,1999692,18689775
1010,2019. 2. 24,15091769,76089,1641,226,1220,1941688,15275315
1011,2019. 2. 23,15154117,73680,4527,234,1337,1840155,15408616
1012,2019. 2. 22,22049239,80759,9387,263,1521,2062248,19206674
1013,2019. 2. 21,22504215,84426,5747,256,1497,1990077,19622883
1014,2019. 2. 20,22673192,85578,9626,244,1616,2191451,18702891
1015,2019. 2. 19,24698449,89425,238,241,1263,2449159,19108586
1016,2019. 2. 18,24186164,86151,9711,235,1543,2066042,18169426
1017,2019. 2. 17,15679018,79707,1193,205,1470,1958052,14408633
1018,2019. 2. 16,16078424,78247,6539,214,1484,1951424,14770477
1019,2019. 2. 15,23263761,87377,4038,235,1597,2307528,18202723
1020,2019. 2. 14,23764467,86017,4962,238,1748,2168267,18300718
1021,2019. 2. 13,24029410,85631,9545,237,1613,1747049,18506329
1022,2019. 2. 12,24272657,85369,1790,241,1644,1924332,18676361
1023,2019. 2. 11,24866012,81963,3912,241,1624,1779854,17947725
1024,2019. 2. 10,16123240,80170,9790,203,1395,1444673,14813824
1025,2019. 2. 9,16164319,75339,4496,215,1425,1475299,14713219
1026,2019. 2. 8,23320713,82330,3818,229,1555,1468279,17409750
1027,2019. 2. 7,23737452,83900,2143,225,1497,1654814,17210635
1028,2019. 2. 6,15037080,74589,930,200,1290,1689518,13231354
1029,2019. 2. 5,13318716,66807,9049,204,1190,1767091,11871669
1030,2019. 2. 4,13908901,69043,573,200,1173,1810519,11978962
1031,2019. 2. 3,14578596,75748,8078,196,1388,1854464,12999791
1032,2019. 2. 2,15279302,77046,2373,197,1374,1862262,13331606
1033,2019. 2. 1,22260529,81826,5307,226,1543,1827840,16651504
1034,2019. 1. 31,24088635,80898,3853,258,1393,2080172,18791799
1035,2019. 1. 30,24607467,83811,8547,254,1405,2653468,18621434
1036,2019. 1. 29,24499190,85269,5633,248,1470,2406051,18747497
1037,2019. 1. 28,24988053,84662,2838,254,1435,2817432,18675423
1038,2019. 1. 27,16018547,72770,1657,232,1147,2295411,14602812
1039,2019. 1. 26,16440285,73468,1416,233,1245,2424493,14658564
1040,2019. 1. 25,24338008,82545,509,256,1583,2692455,18465775
1041,2019. 1. 24,24787664,82502,5452,251,1585,2381268,18363215
1042,2019. 1. 23,25151553,85418,651,241,1533,1868966,18701344
1043,2019. 1. 22,25034759,86482,491,240,1619,1788952,18983283
1044,2019. 1. 21,25424799,82694,5852,243,1625,1660673,18447642
1045,2019. 1. 20,16372637,74130,4774,226,1407,1780371,14942869
1046,2019. 1. 19,16469778,72248,118,231,1420,1812515,14846829
1047,2019. 1. 18,23614908,78617,9086,246,1614,1787619,17577349
1048,2019. 1. 17,24854615,80922,4744,250,2058,1816949,18383340
1049,2019. 1. 16,24237735,82365,715,244,1818,1704367,18367585
1050,2019. 1. 15,24419532,82742,7605,245,1834,1530522,18773041
1051,2019. 1. 14,24895655,82883,1299,237,1769,1457770,18174889
1052,2019. 1. 13,15832869,73061,3805,231,1671,1523062,15359784
1053,2019. 1. 12,16158766,72249,3188,236,1443,1553752,15505526
1054,2019. 1. 11,23567536,79925,1805,253,1596,1892069,18342933
1055,2019. 1. 10,25021067,81234,1072,257,1793,2481351,18363700
1056,2019. 1. 9,25422202,80818,6828,252,1826,2514984,17888918
1057,2019. 1. 8,25211200,80838,9171,255,1491,2622133,17980324
1058,2019. 1. 7,24698103,81310,6006,254,1682,2789423,17871196
1059,2019. 1. 6,16336556,75815,9432,227,1545,2541818,14635648
1060,2019. 1. 5,16547256,75180,7502,230,1705,2578383,14697297
1061,2019. 1. 4,21885288,82317,8182,239,1837,2411262,17257373
1062,2019. 1. 3,20386487,78938,437,244,1363,2488056,16796881
1063,2019. 1. 2,19226542,79779,8699,238,1420,1995960,17013518
1064,2019. 1. 1,14945660,83470,1591,220,1351,911411,17425701
